{
  "project_info": {
    "project_number": "1079960709857",
    "project_id": "findmypark-758a1",
    "storage_bucket": "findmypark-758a1.firebasestorage.app"
  },
  "client": [
    {
      "client_info": {
        "mobilesdk_app_id": "1:1079960709857:android:92ff5d82ceb0f18bae25a0",
        "android_client_info": {
          "package_name": "com.flutterflow.fluttermet"
        }
      },
      "oauth_client": [],
      "api_key": [
        {
          "current_key": "AIzaSyAmCf0QqD43VsHYT6oNXstLXZG23RVAkm4"
        }
      ],
      "services": {
        "appinvite_service": {
          "other_platform_oauth_client": []
        }
      }
    }
  ],
  "configuration_version": "1"
}